{"cameraMode":{"drawMode":0,"name":"Shaded","section":"Shading Mode"},"sceneLighting":true,"audioPlay":false,"sceneViewState":{"showFog":false,"showMaterialUpdate":true,"showSkybox":false,"showFlares":true,"showImageEffects":true,"showParticleSystems":true},"in2DMode":false,"pivot":{"x":10.458000183105469,"y":9.97700023651123,"z":-2.0840001106262209},"rotation":{"x":0.06857340037822724,"y":-0.9057514071464539,"z":0.38604387640953066,"w":0.16088823974132539},"size":10.024373054504395,"orthographic":false}