{"cameraMode":{"drawMode":0,"name":"Shaded","section":"Shading Mode"},"sceneLighting":true,"audioPlay":false,"sceneViewState":{"showFog":false,"showMaterialUpdate":true,"showSkybox":true,"showFlares":true,"showImageEffects":true,"showParticleSystems":true},"in2DMode":false,"pivot":{"x":-2.289919137954712,"y":-8.140707969665528,"z":-6.0094404220581059},"rotation":{"x":0.0001229494228027761,"y":-0.91087806224823,"z":0.4126853942871094,"w":0.0002694457652978599},"size":12.292058944702149,"orthographic":false}